name,pool
Mei,chinese
Bai,chinese
Lin,chinese
Yue,chinese
Hua,chinese
Ming,chinese
Lan,chinese
Zhu,chinese
Qi,chinese
Lian,chinese
Hong,chinese
Xue,chinese
Jing,chinese
Yan,chinese
Nuan,chinese
Wei,chinese
Shu,chinese
Yun,chinese
He,chinese
Lu,chinese
Ying,chinese
Tao,chinese
Rui,chinese
Chun,chinese
Xin,chinese
Zhen,chinese
Ping,chinese
Qing,chinese
Gui,chinese
Yu,chinese
Shan,chinese
Fen,chinese
Mian,chinese
Rou,chinese
Bo,chinese
Wu,chinese
Dong,chinese
Rong,chinese
Xia,chinese
Ling,chinese
Nuonuo,chinese
Maomao,chinese
Tiantian,chinese
Tuantuan,chinese
Huahua,chinese
Taotao,chinese
Doudou,chinese
Mimi,chinese
Lili,chinese
Zhizhi,chinese
Xingxing,chinese
Tangtang,chinese
Shushu,chinese
Yuyu,chinese
Xiaomei,chinese
Xiaodou,chinese
Linglong,chinese
Mingzhu,chinese
Tangyuan,chinese
Baixue,chinese
Pip,invented
Mochi,invented
Tuffi,invented
Biscuit,invented
Acorn,invented
Clover,invented
Pebble,invented
Thistle,invented
Hazel,invented
Fern,invented
Moss,invented
Puddle,invented
Ember,invented
Wisp,invented
Nimble,invented
Thimble,invented
Millet,invented
Fennel,invented
Sprig,invented
Noodle,invented
Walnut,invented
Chestnut,invented
Petal,invented
Velvet,invented
Trinket,invented
Bramble,invented
Dewdrop,invented
Flicker,invented
Gossamer,invented
Honeydew,invented
Juniper,invented
Lentil,invented
Nutmeg,invented
Oat,invented
Quill,invented
Raisin,invented
Sage,invented
Zephyr,invented
Taffy,invented
Sooty,invented
Roux,invented
Quince,invented
Pippin,invented
Cobble,invented
Burrow,invented
Buckwheat,invented
Dumpling,invented
Inkblot,invented
Kindling,invented
Marrow,invented
Tallow,invented
Vesper,invented
Wicket,invented
Yarrow,invented
Snip,invented
Crumb,invented
Fleece,invented
Dimple,invented
Cobnut,invented
Duff,invented
